fips,state,county,year,adult_smoking_percent,adult_obesity_percent,physical_inactivity_percent
37001,North Carolina,Alamance,2010,25.58,28.8,NA
37003,North Carolina,Alexander,2010,24.4,28.2,NA
37005,North Carolina,Alleghany,2010,27.26,25.9,NA
37007,North Carolina,Anson,2010,25.12,33.1,NA
37009,North Carolina,Ashe,2010,23.79,28.4,NA
37011,North Carolina,Avery,2010,24.9,26.5,NA
37013,North Carolina,Beaufort,2010,24.12,34.1,NA
37015,North Carolina,Bertie,2010,20.29,37,NA
37017,North Carolina,Bladen,2010,22.26,30.9,NA
37019,North Carolina,Brunswick,2010,23.6,27.5,NA
37021,North Carolina,Buncombe,2010,23.63,21.2,NA
37023,North Carolina,Burke,2010,31.32,27.5,NA
37025,North Carolina,Cabarrus,2010,20.64,28.5,NA
37027,North Carolina,Caldwell,2010,25.18,29.9,NA
37029,North Carolina,Camden,2010,NA,31.8,NA
37031,North Carolina,Carteret,2010,26.18,27.3,NA
37033,North Carolina,Caswell,2010,35.07,30.1,NA
37035,North Carolina,Catawba,2010,20.1,26.4,NA
37037,North Carolina,Chatham,2010,23.38,24.6,NA
37039,North Carolina,Cherokee,2010,28.38,24.7,NA
37041,North Carolina,Chowan,2010,26.08,30.2,NA
37043,North Carolina,Clay,2010,24.25,24.6,NA
37045,North Carolina,Cleveland,2010,25.21,29.7,NA
37047,North Carolina,Columbus,2010,27.26,31.7,NA
37049,North Carolina,Craven,2010,21.45,30.3,NA
37051,North Carolina,Cumberland,2010,26.39,31.1,NA
37053,North Carolina,Currituck,2010,36.74,27.2,NA
37055,North Carolina,Dare,2010,29.45,24.3,NA
37057,North Carolina,Davidson,2010,26.36,30.1,NA
37059,North Carolina,Davie,2010,28.66,27.9,NA
37061,North Carolina,Duplin,2010,21.44,31.1,NA
37063,North Carolina,Durham,2010,18.95,27.6,NA
37065,North Carolina,Edgecombe,2010,29.58,37.8,NA
37067,North Carolina,Forsyth,2010,22.08,24.7,NA
37069,North Carolina,Franklin,2010,24.17,29.8,NA
37071,North Carolina,Gaston,2010,27.91,28.6,NA
37073,North Carolina,Gates,2010,14.29,33.4,NA
37075,North Carolina,Graham,2010,NA,28.8,NA
37077,North Carolina,Granville,2010,27.24,36.1,NA
37079,North Carolina,Greene,2010,12.04,33.9,NA
37081,North Carolina,Guilford,2010,20.27,27.8,NA
37083,North Carolina,Halifax,2010,19.69,34.1,NA
37085,North Carolina,Harnett,2010,26.83,29.5,NA
37087,North Carolina,Haywood,2010,26.72,28.3,NA
37089,North Carolina,Henderson,2010,20.33,25.8,NA
37091,North Carolina,Hertford,2010,21.82,34.3,NA
37093,North Carolina,Hoke,2010,33.63,32.7,NA
37095,North Carolina,Hyde,2010,NA,31.2,NA
37097,North Carolina,Iredell,2010,26.39,26.8,NA
37099,North Carolina,Jackson,2010,27.83,28,NA
37101,North Carolina,Johnston,2010,25.24,31.9,NA
37103,North Carolina,Jones,2010,NA,31.8,NA
37105,North Carolina,Lee,2010,24.66,28.7,NA
37107,North Carolina,Lenoir,2010,24.76,32.5,NA
37109,North Carolina,Lincoln,2010,24.12,28.4,NA
37111,North Carolina,McDowell,2010,26.28,32.2,NA
37113,North Carolina,Macon,2010,19.2,27.7,NA
37115,North Carolina,Madison,2010,32.21,26.5,NA
37117,North Carolina,Martin,2010,22.33,34.2,NA
37119,North Carolina,Mecklenburg,2010,17.39,24.2,NA
37121,North Carolina,Mitchell,2010,26.02,26.2,NA
37123,North Carolina,Montgomery,2010,26.59,30.8,NA
37125,North Carolina,Moore,2010,20.47,24.1,NA
37127,North Carolina,Nash,2010,23.15,32.3,NA
37129,North Carolina,New Hanover,2010,20,23.8,NA
37131,North Carolina,Northampton,2010,25.52,37.5,NA
37133,North Carolina,Onslow,2010,26.25,29.8,NA
37135,North Carolina,Orange,2010,13.1,22.3,NA
37137,North Carolina,Pamlico,2010,30.58,28.7,NA
37139,North Carolina,Pasquotank,2010,28.1,32.3,NA
37141,North Carolina,Pender,2010,25.71,28.7,NA
37143,North Carolina,Perquimans,2010,NA,31.4,NA
37145,North Carolina,Person,2010,30.75,32,NA
37147,North Carolina,Pitt,2010,20.15,32.2,NA
37149,North Carolina,Polk,2010,20.6,23.7,NA
37151,North Carolina,Randolph,2010,25.98,28.9,NA
37153,North Carolina,Richmond,2010,26.79,30.4,NA
37155,North Carolina,Robeson,2010,27.98,36.1,NA
37157,North Carolina,Rockingham,2010,34.41,31.1,NA
37159,North Carolina,Rowan,2010,29.72,29.7,NA
37161,North Carolina,Rutherford,2010,23.5,27.7,NA
37163,North Carolina,Sampson,2010,26.27,31.6,NA
37165,North Carolina,Scotland,2010,29.1,33.9,NA
37167,North Carolina,Stanly,2010,27.35,27.1,NA
37169,North Carolina,Stokes,2010,31.69,29,NA
37171,North Carolina,Surry,2010,30.06,27.5,NA
37173,North Carolina,Swain,2010,40.28,28.1,NA
37175,North Carolina,Transylvania,2010,26.55,24.2,NA
37177,North Carolina,Tyrrell,2010,NA,31,NA
37179,North Carolina,Union,2010,20.41,26.8,NA
37181,North Carolina,Vance,2010,30.05,33.8,NA
37183,North Carolina,Wake,2010,15.95,27,NA
37185,North Carolina,Warren,2010,24.17,36.4,NA
37187,North Carolina,Washington,2010,19.23,32.3,NA
37189,North Carolina,Watauga,2010,26.59,23.1,NA
37191,North Carolina,Wayne,2010,27.96,30.8,NA
37193,North Carolina,Wilkes,2010,27.49,27.9,NA
37195,North Carolina,Wilson,2010,21.39,31.4,NA
37197,North Carolina,Yadkin,2010,26.26,30.5,NA
37199,North Carolina,Yancey,2010,17.16,23.8,NA
37001,North Carolina,Alamance,2011,23,31.4,NA
37003,North Carolina,Alexander,2011,21.5,28.6,NA
37005,North Carolina,Alleghany,2011,28.5,26.7,NA
37007,North Carolina,Anson,2011,20.4,33,NA
37009,North Carolina,Ashe,2011,23.2,24.4,NA
37011,North Carolina,Avery,2011,24.1,28.4,NA
37013,North Carolina,Beaufort,2011,22.8,33.7,NA
37015,North Carolina,Bertie,2011,16.7,35.9,NA
37017,North Carolina,Bladen,2011,23.2,33.4,NA
37019,North Carolina,Brunswick,2011,23.8,28.4,NA
37021,North Carolina,Buncombe,2011,22.7,22.2,NA
37023,North Carolina,Burke,2011,29.1,26.8,NA
37025,North Carolina,Cabarrus,2011,21.6,29.8,NA
37027,North Carolina,Caldwell,2011,25.8,30.8,NA
37029,North Carolina,Camden,2011,19.3,31.6,NA
37031,North Carolina,Carteret,2011,26.3,28.7,NA
37033,North Carolina,Caswell,2011,34.8,30.2,NA
37035,North Carolina,Catawba,2011,21.2,27.2,NA
37037,North Carolina,Chatham,2011,22.1,25.9,NA
37039,North Carolina,Cherokee,2011,24.8,25.2,NA
37041,North Carolina,Chowan,2011,28,30,NA
37043,North Carolina,Clay,2011,23.6,25.4,NA
37045,North Carolina,Cleveland,2011,23.6,31.9,NA
37047,North Carolina,Columbus,2011,27.3,33,NA
37049,North Carolina,Craven,2011,19.6,29.9,NA
37051,North Carolina,Cumberland,2011,26,32.5,NA
37053,North Carolina,Currituck,2011,34.1,29.1,NA
37055,North Carolina,Dare,2011,33.6,25.1,NA
37057,North Carolina,Davidson,2011,24.7,29.9,NA
37059,North Carolina,Davie,2011,28,27.8,NA
37061,North Carolina,Duplin,2011,18.5,31.8,NA
37063,North Carolina,Durham,2011,15.9,29.2,NA
37065,North Carolina,Edgecombe,2011,28.1,37.2,NA
37067,North Carolina,Forsyth,2011,21.5,25,NA
37069,North Carolina,Franklin,2011,25.7,31.4,NA
37071,North Carolina,Gaston,2011,27.5,27.2,NA
37073,North Carolina,Gates,2011,15.1,33.5,NA
37075,North Carolina,Graham,2011,NA,28.8,NA
37077,North Carolina,Granville,2011,26.9,33.3,NA
37079,North Carolina,Greene,2011,10.9,32.2,NA
37081,North Carolina,Guilford,2011,19.5,27.9,NA
37083,North Carolina,Halifax,2011,21.5,36.9,NA
37085,North Carolina,Harnett,2011,27.4,31.7,NA
37087,North Carolina,Haywood,2011,25.9,28.7,NA
37089,North Carolina,Henderson,2011,20,25.1,NA
37091,North Carolina,Hertford,2011,23.5,34,NA
37093,North Carolina,Hoke,2011,25.1,31.7,NA
37095,North Carolina,Hyde,2011,NA,30.8,NA
37097,North Carolina,Iredell,2011,23.2,26.5,NA
37099,North Carolina,Jackson,2011,26.1,29.7,NA
37101,North Carolina,Johnston,2011,25.4,33.1,NA
37103,North Carolina,Jones,2011,NA,31.9,NA
37105,North Carolina,Lee,2011,21.9,28.8,NA
37107,North Carolina,Lenoir,2011,24.1,32.6,NA
37109,North Carolina,Lincoln,2011,21.5,26.8,NA
37111,North Carolina,McDowell,2011,23.3,33.5,NA
37113,North Carolina,Macon,2011,20.1,27.1,NA
37115,North Carolina,Madison,2011,30.3,26.3,NA
37117,North Carolina,Martin,2011,16.3,32.8,NA
37119,North Carolina,Mecklenburg,2011,17,25.6,NA
37121,North Carolina,Mitchell,2011,23,26.1,NA
37123,North Carolina,Montgomery,2011,25.4,30.7,NA
37125,North Carolina,Moore,2011,20.1,25.9,NA
37127,North Carolina,Nash,2011,23,32.1,NA
37129,North Carolina,New Hanover,2011,21.5,25.4,NA
37131,North Carolina,Northampton,2011,21.6,35.6,NA
37133,North Carolina,Onslow,2011,25.3,30.6,NA
37135,North Carolina,Orange,2011,12.9,22.4,NA
37137,North Carolina,Pamlico,2011,29.5,28.6,NA
37139,North Carolina,Pasquotank,2011,30,31.7,NA
37141,North Carolina,Pender,2011,27.3,32.3,NA
37143,North Carolina,Perquimans,2011,25.2,32.1,NA
37145,North Carolina,Person,2011,29.8,30.1,NA
37147,North Carolina,Pitt,2011,19.6,32.9,NA
37149,North Carolina,Polk,2011,20.4,23.2,NA
37151,North Carolina,Randolph,2011,25.6,28.8,NA
37153,North Carolina,Richmond,2011,24.1,30.7,NA
37155,North Carolina,Robeson,2011,27.9,38.7,NA
37157,North Carolina,Rockingham,2011,33.7,30.9,NA
37159,North Carolina,Rowan,2011,28,30.3,NA
37161,North Carolina,Rutherford,2011,24.7,29.5,NA
37163,North Carolina,Sampson,2011,23,32.8,NA
37165,North Carolina,Scotland,2011,25.8,34.9,NA
37167,North Carolina,Stanly,2011,27.3,27.7,NA
37169,North Carolina,Stokes,2011,33.6,30.7,NA
37171,North Carolina,Surry,2011,29.7,28.2,NA
37173,North Carolina,Swain,2011,38.2,31.6,NA
37175,North Carolina,Transylvania,2011,24.4,23.7,NA
37177,North Carolina,Tyrrell,2011,NA,31.5,NA
37179,North Carolina,Union,2011,18,27.5,NA
37181,North Carolina,Vance,2011,28.8,33.7,NA
37183,North Carolina,Wake,2011,15.2,26.7,NA
37185,North Carolina,Warren,2011,NA,36.1,NA
37187,North Carolina,Washington,2011,21.3,33.4,NA
37189,North Carolina,Watauga,2011,23,25,NA
37191,North Carolina,Wayne,2011,23.4,31.9,NA
37193,North Carolina,Wilkes,2011,27.7,28.6,NA
37195,North Carolina,Wilson,2011,19.2,31.9,NA
37197,North Carolina,Yadkin,2011,26.9,29.9,NA
37199,North Carolina,Yancey,2011,19.1,24.5,NA
37001,North Carolina,Alamance,2012,23.6,33.5,28.3
37003,North Carolina,Alexander,2012,25.8,28.4,24.8
37005,North Carolina,Alleghany,2012,27.2,25,29.9
37007,North Carolina,Anson,2012,17.2,35.5,30.1
37009,North Carolina,Ashe,2012,24.8,23,26.3
37011,North Carolina,Avery,2012,24.1,29.7,21.3
37013,North Carolina,Beaufort,2012,21.4,35.7,30
37015,North Carolina,Bertie,2012,14.5,37.5,30.8
37017,North Carolina,Bladen,2012,22.3,37.2,31.1
37019,North Carolina,Brunswick,2012,23.9,29.5,27
37021,North Carolina,Buncombe,2012,21.5,23.8,20.3
37023,North Carolina,Burke,2012,27.1,28.4,28.2
37025,North Carolina,Cabarrus,2012,19.9,31,23.1
37027,North Carolina,Caldwell,2012,26.7,30.3,27.5
37029,North Carolina,Camden,2012,19.1,32.3,25.9
37031,North Carolina,Carteret,2012,24.3,28.1,28.7
37033,North Carolina,Caswell,2012,30.3,31,29
37035,North Carolina,Catawba,2012,22,26.5,26.7
37037,North Carolina,Chatham,2012,20,24.8,22.3
37039,North Carolina,Cherokee,2012,24.1,26.7,27.5
37041,North Carolina,Chowan,2012,NA,30.1,29.5
37043,North Carolina,Clay,2012,23,25.1,24.3
37045,North Carolina,Cleveland,2012,23.9,32.3,30
37047,North Carolina,Columbus,2012,25.2,33.8,28.7
37049,North Carolina,Craven,2012,20.1,33.7,27
37051,North Carolina,Cumberland,2012,24.4,33.2,29.5
37053,North Carolina,Currituck,2012,NA,32.6,24.2
37055,North Carolina,Dare,2012,NA,28.6,24.9
37057,North Carolina,Davidson,2012,25.3,29.2,30
37059,North Carolina,Davie,2012,26.8,28.5,28.9
37061,North Carolina,Duplin,2012,18.9,34.5,33.8
37063,North Carolina,Durham,2012,15.5,30.3,20.3
37065,North Carolina,Edgecombe,2012,27.8,40.2,30.8
37067,North Carolina,Forsyth,2012,20.8,25.6,21.3
37069,North Carolina,Franklin,2012,27.2,34.6,28.5
37071,North Carolina,Gaston,2012,26.7,26.4,29
37073,North Carolina,Gates,2012,11,34.8,30.4
37075,North Carolina,Graham,2012,NA,27.7,27.5
37077,North Carolina,Granville,2012,26.1,32.1,26.7
37079,North Carolina,Greene,2012,11.2,33.5,29.4
37081,North Carolina,Guilford,2012,18.4,28.2,23.2
37083,North Carolina,Halifax,2012,21.6,38.5,34.3
37085,North Carolina,Harnett,2012,28,31.9,27.4
37087,North Carolina,Haywood,2012,23.9,28.1,24.2
37089,North Carolina,Henderson,2012,19.7,23.6,23.4
37091,North Carolina,Hertford,2012,24.3,35.4,34.5
37093,North Carolina,Hoke,2012,22.6,33.6,28.7
37095,North Carolina,Hyde,2012,NA,32.2,30.8
37097,North Carolina,Iredell,2012,22.4,28.4,25.3
37099,North Carolina,Jackson,2012,26,33.1,24.7
37101,North Carolina,Johnston,2012,24,34.4,27.7
37103,North Carolina,Jones,2012,31.2,34.7,32.9
37105,North Carolina,Lee,2012,22.2,30,24.2
37107,North Carolina,Lenoir,2012,21.5,32.4,34.4
37109,North Carolina,Lincoln,2012,19.9,27.5,23.5
37111,North Carolina,McDowell,2012,22.9,33.4,30.7
37113,North Carolina,Macon,2012,19.6,25.4,25.1
37115,North Carolina,Madison,2012,27.3,28.4,22.4
37117,North Carolina,Martin,2012,16.1,35.5,29
37119,North Carolina,Mecklenburg,2012,15.9,25.8,19.9
37121,North Carolina,Mitchell,2012,23.6,28,25.9
37123,North Carolina,Montgomery,2012,23.7,32.5,28.3
37125,North Carolina,Moore,2012,19.5,26.6,23.8
37127,North Carolina,Nash,2012,22,33.4,29
37129,North Carolina,New Hanover,2012,20.1,25.6,20.8
37131,North Carolina,Northampton,2012,25.5,34.2,33.3
37133,North Carolina,Onslow,2012,26.8,30,22.5
37135,North Carolina,Orange,2012,12.7,22.7,16.3
37137,North Carolina,Pamlico,2012,NA,27.5,26.9
37139,North Carolina,Pasquotank,2012,33,33.3,26.2
37141,North Carolina,Pender,2012,27.7,32.2,24.5
37143,North Carolina,Perquimans,2012,22.3,33.4,28.2
37145,North Carolina,Person,2012,25.5,33.2,28
37147,North Carolina,Pitt,2012,19.5,35.9,25.1
37149,North Carolina,Polk,2012,21.5,22.1,25.1
37151,North Carolina,Randolph,2012,24.2,29.5,30.3
37153,North Carolina,Richmond,2012,28.7,31.6,30.5
37155,North Carolina,Robeson,2012,26.8,41.1,38.7
37157,North Carolina,Rockingham,2012,30.7,33.2,30.9
37159,North Carolina,Rowan,2012,25.6,31.5,30.1
37161,North Carolina,Rutherford,2012,24.8,30.6,31.2
37163,North Carolina,Sampson,2012,18.5,35.9,29
37165,North Carolina,Scotland,2012,26.1,36.1,28.8
37167,North Carolina,Stanly,2012,27.7,26.4,31.8
37169,North Carolina,Stokes,2012,36.2,27.8,26.2
37171,North Carolina,Surry,2012,27.2,31.4,27.9
37173,North Carolina,Swain,2012,32.1,32,29.6
37175,North Carolina,Transylvania,2012,19.4,23.8,24.6
37177,North Carolina,Tyrrell,2012,NA,31.9,28.4
37179,North Carolina,Union,2012,17.8,28.3,22.3
37181,North Carolina,Vance,2012,27.5,32.7,32.8
37183,North Carolina,Wake,2012,15.3,26,18.1
37185,North Carolina,Warren,2012,NA,36.5,31
37187,North Carolina,Washington,2012,18.5,34.6,29.5
37189,North Carolina,Watauga,2012,21,24.9,20.6
37191,North Carolina,Wayne,2012,23.6,33,32
37193,North Carolina,Wilkes,2012,27.5,29.8,31.8
37195,North Carolina,Wilson,2012,16.1,32.2,31.6
37197,North Carolina,Yadkin,2012,25.4,30,28.8
37199,North Carolina,Yancey,2012,20.9,27.4,28.3
37001,North Carolina,Alamance,2013,23.3,33.5,28.3
37003,North Carolina,Alexander,2013,25.5,28.4,24.8
37005,North Carolina,Alleghany,2013,27.9,25,29.9
37007,North Carolina,Anson,2013,18.2,35.5,30.1
37009,North Carolina,Ashe,2013,24.4,23,26.3
37011,North Carolina,Avery,2013,22.5,29.7,21.3
37013,North Carolina,Beaufort,2013,NA,35.7,30
37015,North Carolina,Bertie,2013,NA,37.5,30.8
37017,North Carolina,Bladen,2013,23.8,37.2,31.1
37019,North Carolina,Brunswick,2013,22.2,29.5,27
37021,North Carolina,Buncombe,2013,20.5,23.8,20.3
37023,North Carolina,Burke,2013,23.6,28.4,28.2
37025,North Carolina,Cabarrus,2013,19.9,31,23.1
37027,North Carolina,Caldwell,2013,24.4,30.3,27.5
37029,North Carolina,Camden,2013,NA,32.3,25.9
37031,North Carolina,Carteret,2013,22.2,28.1,28.7
37033,North Carolina,Caswell,2013,NA,31,29
37035,North Carolina,Catawba,2013,21.5,26.5,26.7
37037,North Carolina,Chatham,2013,20.4,24.8,22.3
37039,North Carolina,Cherokee,2013,23.4,26.7,27.5
37041,North Carolina,Chowan,2013,NA,30.1,29.5
37043,North Carolina,Clay,2013,24.5,25.1,24.3
37045,North Carolina,Cleveland,2013,24.8,32.3,30
37047,North Carolina,Columbus,2013,24.4,33.8,28.7
37049,North Carolina,Craven,2013,23.9,33.7,27
37051,North Carolina,Cumberland,2013,23.4,33.2,29.5
37053,North Carolina,Currituck,2013,NA,32.6,24.2
37055,North Carolina,Dare,2013,NA,28.6,24.9
37057,North Carolina,Davidson,2013,24.9,29.2,30
37059,North Carolina,Davie,2013,24.7,28.5,28.9
37061,North Carolina,Duplin,2013,19.9,34.5,33.8
37063,North Carolina,Durham,2013,14.6,30.3,20.3
37065,North Carolina,Edgecombe,2013,21.4,40.2,30.8
37067,North Carolina,Forsyth,2013,20,25.6,21.3
37069,North Carolina,Franklin,2013,26.4,34.6,28.5
37071,North Carolina,Gaston,2013,26.5,26.4,29
37073,North Carolina,Gates,2013,12.2,34.8,30.4
37075,North Carolina,Graham,2013,22.8,27.7,27.5
37077,North Carolina,Granville,2013,22.5,32.1,26.7
37079,North Carolina,Greene,2013,12.7,33.5,29.4
37081,North Carolina,Guilford,2013,18,28.2,23.2
37083,North Carolina,Halifax,2013,22.8,38.5,34.3
37085,North Carolina,Harnett,2013,27.3,31.9,27.4
37087,North Carolina,Haywood,2013,25.6,28.1,24.2
37089,North Carolina,Henderson,2013,18.5,23.6,23.4
37091,North Carolina,Hertford,2013,21.9,35.4,34.5
37093,North Carolina,Hoke,2013,20.1,33.6,28.7
37095,North Carolina,Hyde,2013,NA,32.2,30.8
37097,North Carolina,Iredell,2013,21,28.4,25.3
37099,North Carolina,Jackson,2013,24.2,33.1,24.7
37101,North Carolina,Johnston,2013,24,34.4,27.7
37103,North Carolina,Jones,2013,NA,34.7,32.9
37105,North Carolina,Lee,2013,22.1,30,24.2
37107,North Carolina,Lenoir,2013,17.7,32.4,34.4
37109,North Carolina,Lincoln,2013,19.4,27.5,23.5
37111,North Carolina,McDowell,2013,24,33.4,30.7
37113,North Carolina,Macon,2013,21.7,25.4,25.1
37115,North Carolina,Madison,2013,26.1,28.4,22.4
37117,North Carolina,Martin,2013,12.9,35.5,29
37119,North Carolina,Mecklenburg,2013,15,25.8,19.9
37121,North Carolina,Mitchell,2013,23.5,28,25.9
37123,North Carolina,Montgomery,2013,NA,32.5,28.3
37125,North Carolina,Moore,2013,16.8,26.6,23.8
37127,North Carolina,Nash,2013,23.5,33.4,29
37129,North Carolina,New Hanover,2013,18.3,25.6,20.8
37131,North Carolina,Northampton,2013,26,34.2,33.3
37133,North Carolina,Onslow,2013,25.7,30,22.5
37135,North Carolina,Orange,2013,12,22.7,16.3
37137,North Carolina,Pamlico,2013,17.4,27.5,26.9
37139,North Carolina,Pasquotank,2013,34.6,33.3,26.2
37141,North Carolina,Pender,2013,29.6,32.2,24.5
37143,North Carolina,Perquimans,2013,NA,33.4,28.2
37145,North Carolina,Person,2013,25.6,33.2,28
37147,North Carolina,Pitt,2013,19.1,35.9,25.1
37149,North Carolina,Polk,2013,23.4,22.1,25.1
37151,North Carolina,Randolph,2013,23.8,29.5,30.3
37153,North Carolina,Richmond,2013,27.9,31.6,30.5
37155,North Carolina,Robeson,2013,26,41.1,38.7
37157,North Carolina,Rockingham,2013,29.3,33.2,30.9
37159,North Carolina,Rowan,2013,24.6,31.5,30.1
37161,North Carolina,Rutherford,2013,26,30.6,31.2
37163,North Carolina,Sampson,2013,17.8,35.9,29
37165,North Carolina,Scotland,2013,25.9,36.1,28.8
37167,North Carolina,Stanly,2013,25.5,26.4,31.8
37169,North Carolina,Stokes,2013,36.4,27.8,26.2
37171,North Carolina,Surry,2013,26.5,31.4,27.9
37173,North Carolina,Swain,2013,28.2,32,29.6
37175,North Carolina,Transylvania,2013,17.4,23.8,24.6
37177,North Carolina,Tyrrell,2013,NA,31.9,28.4
37179,North Carolina,Union,2013,17.8,28.3,22.3
37181,North Carolina,Vance,2013,27.1,32.7,32.8
37183,North Carolina,Wake,2013,14.2,26,18.1
37185,North Carolina,Warren,2013,NA,36.5,31
37187,North Carolina,Washington,2013,17.5,34.6,29.5
37189,North Carolina,Watauga,2013,19.6,24.9,20.6
37191,North Carolina,Wayne,2013,24,33,32
37193,North Carolina,Wilkes,2013,28.1,29.8,31.8
37195,North Carolina,Wilson,2013,11.8,32.2,31.6
37197,North Carolina,Yadkin,2013,25.1,30,28.8
37199,North Carolina,Yancey,2013,24.1,27.4,28.3
37001,North Carolina,Alamance,2014,23.8,34.1,27.3
37003,North Carolina,Alexander,2014,26,27.2,23.3
37005,North Carolina,Alleghany,2014,27.1,24.7,31.4
37007,North Carolina,Anson,2014,19.8,34.6,29
37009,North Carolina,Ashe,2014,24,22.5,27.7
37011,North Carolina,Avery,2014,24.5,28.9,24.6
37013,North Carolina,Beaufort,2014,28.3,34.3,31
37015,North Carolina,Bertie,2014,18.5,35,31.7
37017,North Carolina,Bladen,2014,20.6,36.1,33.2
37019,North Carolina,Brunswick,2014,21.4,29.5,25.6
37021,North Carolina,Buncombe,2014,20,23.6,20.9
37023,North Carolina,Burke,2014,24.2,28.8,29.9
37025,North Carolina,Cabarrus,2014,19.3,30.9,23.6
37027,North Carolina,Caldwell,2014,22.5,29.5,28.6
37029,North Carolina,Camden,2014,17.2,30.2,24.1
37031,North Carolina,Carteret,2014,21.4,29,30.4
37033,North Carolina,Caswell,2014,35.8,32.5,27.9
37035,North Carolina,Catawba,2014,22.5,28.4,28.4
37037,North Carolina,Chatham,2014,20.4,25.7,21.2
37039,North Carolina,Cherokee,2014,25.1,27.5,30.1
37041,North Carolina,Chowan,2014,29.9,30,29.2
37043,North Carolina,Clay,2014,20.7,25.8,29.2
37045,North Carolina,Cleveland,2014,24.3,30.2,31.3
37047,North Carolina,Columbus,2014,23,32.1,28.3
37049,North Carolina,Craven,2014,22.1,31.9,29.4
37051,North Carolina,Cumberland,2014,22.1,33.8,30.3
37053,North Carolina,Currituck,2014,26.4,29.2,25.9
37055,North Carolina,Dare,2014,30.9,28.1,26.6
37057,North Carolina,Davidson,2014,25.7,29,32.3
37059,North Carolina,Davie,2014,22.5,28.1,26.1
37061,North Carolina,Duplin,2014,20.4,36.1,33.7
37063,North Carolina,Durham,2014,13.6,29.4,20.3
37065,North Carolina,Edgecombe,2014,20.9,37,29
37067,North Carolina,Forsyth,2014,19.7,26,21.7
37069,North Carolina,Franklin,2014,26.7,33.4,28.6
37071,North Carolina,Gaston,2014,25.8,27.3,28.6
37073,North Carolina,Gates,2014,NA,32.8,30.7
37075,North Carolina,Graham,2014,22.4,29.5,27.7
37077,North Carolina,Granville,2014,22.8,30.2,29.7
37079,North Carolina,Greene,2014,NA,31.8,27.9
37081,North Carolina,Guilford,2014,16.7,27.4,23.5
37083,North Carolina,Halifax,2014,21.3,37.9,33.9
37085,North Carolina,Harnett,2014,25.7,33.1,28.6
37087,North Carolina,Haywood,2014,26.1,25.9,21.6
37089,North Carolina,Henderson,2014,17.4,21.9,23.5
37091,North Carolina,Hertford,2014,26.5,34.1,33.6
37093,North Carolina,Hoke,2014,20.1,33.1,30.1
37095,North Carolina,Hyde,2014,NA,31.5,28.6
37097,North Carolina,Iredell,2014,19.7,27.9,23.9
37099,North Carolina,Jackson,2014,22.2,32.8,25
37101,North Carolina,Johnston,2014,25.4,33.4,27.8
37103,North Carolina,Jones,2014,44.2,34.1,33.1
37105,North Carolina,Lee,2014,20,29.2,26.3
37107,North Carolina,Lenoir,2014,16.1,34.2,35.6
37109,North Carolina,Lincoln,2014,17.3,27.9,25.5
37111,North Carolina,McDowell,2014,23.1,33.8,31.5
37113,North Carolina,Macon,2014,20.9,24.5,25.5
37115,North Carolina,Madison,2014,22.4,30,26
37117,North Carolina,Martin,2014,11.8,33.9,30.2
37119,North Carolina,Mecklenburg,2014,13.8,25.5,20.6
37121,North Carolina,Mitchell,2014,26,29.1,28.5
37123,North Carolina,Montgomery,2014,NA,31.3,27.6
37125,North Carolina,Moore,2014,15.4,28.5,27.9
37127,North Carolina,Nash,2014,22.4,33.3,30.4
37129,North Carolina,New Hanover,2014,18,25.5,21
37131,North Carolina,Northampton,2014,21.5,30.7,34.1
37133,North Carolina,Onslow,2014,24.8,27.8,23.6
37135,North Carolina,Orange,2014,11.6,20.8,16
37137,North Carolina,Pamlico,2014,NA,30.2,28.7
37139,North Carolina,Pasquotank,2014,34.8,32.6,29.3
37141,North Carolina,Pender,2014,28.1,29.2,26.6
37143,North Carolina,Perquimans,2014,21,31.9,28.1
37145,North Carolina,Person,2014,27,32.6,29.5
37147,North Carolina,Pitt,2014,19.2,35.7,24.3
37149,North Carolina,Polk,2014,18.9,23,25.8
37151,North Carolina,Randolph,2014,23.4,28.7,28.8
37153,North Carolina,Richmond,2014,26.1,30.5,32.7
37155,North Carolina,Robeson,2014,25.6,40.7,37.2
37157,North Carolina,Rockingham,2014,27.5,32.4,29.9
37159,North Carolina,Rowan,2014,24.9,33.1,30.2
37161,North Carolina,Rutherford,2014,26.5,30,28.8
37163,North Carolina,Sampson,2014,16.9,36.7,27.5
37165,North Carolina,Scotland,2014,24.8,36.4,28.9
37167,North Carolina,Stanly,2014,25.3,26.6,30.7
37169,North Carolina,Stokes,2014,36.1,25.6,25.9
37171,North Carolina,Surry,2014,27.5,30.7,26.5
37173,North Carolina,Swain,2014,29.9,33.9,30.2
37175,North Carolina,Transylvania,2014,22.7,23.7,22.6
37177,North Carolina,Tyrrell,2014,NA,31.3,29.9
37179,North Carolina,Union,2014,16.4,27.4,21.2
37181,North Carolina,Vance,2014,27.5,33,31.6
37183,North Carolina,Wake,2014,12.9,24.8,18.6
37185,North Carolina,Warren,2014,22.5,34.8,31.2
37187,North Carolina,Washington,2014,NA,33,30.4
37189,North Carolina,Watauga,2014,16.4,27.5,21.9
37191,North Carolina,Wayne,2014,23.6,34.1,31
37193,North Carolina,Wilkes,2014,28,29.3,31.9
37195,North Carolina,Wilson,2014,12.1,34.9,30.5
37197,North Carolina,Yadkin,2014,25.5,29.7,28.1
37199,North Carolina,Yancey,2014,21.4,28.7,30.6
37001,North Carolina,Alamance,2015,23.8,33.2,25.7
37003,North Carolina,Alexander,2015,26,28.3,23.4
37005,North Carolina,Alleghany,2015,27.1,23.5,31.5
37007,North Carolina,Anson,2015,19.8,35.1,28.5
37009,North Carolina,Ashe,2015,24,24.3,27.5
37011,North Carolina,Avery,2015,24.5,25.7,25.7
37013,North Carolina,Beaufort,2015,28.3,31.9,29.1
37015,North Carolina,Bertie,2015,18.5,35.2,31.1
37017,North Carolina,Bladen,2015,20.6,35.7,33.1
37019,North Carolina,Brunswick,2015,21.4,29.1,22
37021,North Carolina,Buncombe,2015,20,23.6,21.8
37023,North Carolina,Burke,2015,24.2,31,29.2
37025,North Carolina,Cabarrus,2015,19.3,29.3,23.8
37027,North Carolina,Caldwell,2015,22.5,29.3,26.2
37029,North Carolina,Camden,2015,17.2,31.3,24.8
37031,North Carolina,Carteret,2015,21.4,28.1,29.7
37033,North Carolina,Caswell,2015,35.8,33.9,29.5
37035,North Carolina,Catawba,2015,22.5,28.5,29.5
37037,North Carolina,Chatham,2015,20.4,25.6,22.6
37039,North Carolina,Cherokee,2015,25.1,28.9,31.2
37041,North Carolina,Chowan,2015,29.9,31.6,29
37043,North Carolina,Clay,2015,20.7,26.4,29.3
37045,North Carolina,Cleveland,2015,24.3,29.2,30.1
37047,North Carolina,Columbus,2015,23,31.5,28
37049,North Carolina,Craven,2015,22.1,30.4,27.6
37051,North Carolina,Cumberland,2015,22.1,31.1,28.3
37053,North Carolina,Currituck,2015,26.4,30.5,25.5
37055,North Carolina,Dare,2015,30.9,27.8,24.9
37057,North Carolina,Davidson,2015,25.7,29.9,32.5
37059,North Carolina,Davie,2015,22.5,26.5,25.6
37061,North Carolina,Duplin,2015,20.4,34,30.6
37063,North Carolina,Durham,2015,13.6,28.8,20.1
37065,North Carolina,Edgecombe,2015,20.9,39.7,30.3
37067,North Carolina,Forsyth,2015,19.7,25.9,21.7
37069,North Carolina,Franklin,2015,26.7,32.5,28.1
37071,North Carolina,Gaston,2015,25.8,31.2,29.1
37073,North Carolina,Gates,2015,NA,34.3,29.6
37075,North Carolina,Graham,2015,22.4,29.5,25
37077,North Carolina,Granville,2015,22.8,33.3,25.9
37079,North Carolina,Greene,2015,NA,33.1,27.5
37081,North Carolina,Guilford,2015,16.7,28.2,22
37083,North Carolina,Halifax,2015,21.3,39.2,34.6
37085,North Carolina,Harnett,2015,25.7,31,26.8
37087,North Carolina,Haywood,2015,26.1,23.9,23.5
37089,North Carolina,Henderson,2015,17.4,21.8,23.1
37091,North Carolina,Hertford,2015,26.5,33.4,33.4
37093,North Carolina,Hoke,2015,20.1,34.4,30
37095,North Carolina,Hyde,2015,NA,29.7,27
37097,North Carolina,Iredell,2015,19.7,28.3,23.9
37099,North Carolina,Jackson,2015,22.2,32.3,26.8
37101,North Carolina,Johnston,2015,25.4,34.3,26.7
37103,North Carolina,Jones,2015,44.2,34.3,30.1
37105,North Carolina,Lee,2015,20,29.2,23.9
37107,North Carolina,Lenoir,2015,16.1,35.3,34.1
37109,North Carolina,Lincoln,2015,17.3,28.6,27.8
37111,North Carolina,McDowell,2015,23.1,31.3,30.4
37113,North Carolina,Macon,2015,20.9,24.2,23.3
37115,North Carolina,Madison,2015,22.4,29,27.2
37117,North Carolina,Martin,2015,11.8,35.8,32.5
37119,North Carolina,Mecklenburg,2015,13.8,24.4,20.3
37121,North Carolina,Mitchell,2015,26,30.4,30.9
37123,North Carolina,Montgomery,2015,NA,33,27.4
37125,North Carolina,Moore,2015,15.4,27.8,26.6
37127,North Carolina,Nash,2015,22.4,31.9,32.1
37129,North Carolina,New Hanover,2015,18,25,19.9
37131,North Carolina,Northampton,2015,21.5,35.6,34.4
37133,North Carolina,Onslow,2015,24.8,27.5,23.9
37135,North Carolina,Orange,2015,11.6,21.3,15.8
37137,North Carolina,Pamlico,2015,NA,30.4,27.3
37139,North Carolina,Pasquotank,2015,34.8,34.5,28.2
37141,North Carolina,Pender,2015,28.1,26.9,24.8
37143,North Carolina,Perquimans,2015,21,33.8,26.5
37145,North Carolina,Person,2015,27,33.3,29
37147,North Carolina,Pitt,2015,19.2,37.1,24.5
37149,North Carolina,Polk,2015,18.9,25.1,26.4
37151,North Carolina,Randolph,2015,23.4,29.8,29.3
37153,North Carolina,Richmond,2015,26.1,34.9,33
37155,North Carolina,Robeson,2015,25.6,39.5,34.8
37157,North Carolina,Rockingham,2015,27.5,34.2,33.3
37159,North Carolina,Rowan,2015,24.9,34,30.2
37161,North Carolina,Rutherford,2015,26.5,27.3,26.6
37163,North Carolina,Sampson,2015,16.9,36.4,29.4
37165,North Carolina,Scotland,2015,24.8,35.7,28
37167,North Carolina,Stanly,2015,25.3,28.6,32.8
37169,North Carolina,Stokes,2015,36.1,31.4,28.4
37171,North Carolina,Surry,2015,27.5,31.3,30.6
37173,North Carolina,Swain,2015,29.9,33,28.9
37175,North Carolina,Transylvania,2015,22.7,24.1,21.2
37177,North Carolina,Tyrrell,2015,NA,31.4,27.3
37179,North Carolina,Union,2015,16.4,26.8,19.4
37181,North Carolina,Vance,2015,27.5,35.4,31.9
37183,North Carolina,Wake,2015,12.9,25.3,18.1
37185,North Carolina,Warren,2015,22.5,36.3,30
37187,North Carolina,Washington,2015,NA,33.8,29.4
37189,North Carolina,Watauga,2015,16.4,25.3,21.7
37191,North Carolina,Wayne,2015,23.6,32.1,27.8
37193,North Carolina,Wilkes,2015,28,29.3,32.7
37195,North Carolina,Wilson,2015,12.1,37.3,30.2
37197,North Carolina,Yadkin,2015,25.5,30.1,28.2
37199,North Carolina,Yancey,2015,21.4,27.1,26
37001,North Carolina,Alamance,2016,18.9,33.7,25.6
37003,North Carolina,Alexander,2016,19.1,33,26
37005,North Carolina,Alleghany,2016,18.6,25.7,32.6
37007,North Carolina,Anson,2016,24,34.5,30.1
37009,North Carolina,Ashe,2016,18.3,26.4,26.8
37011,North Carolina,Avery,2016,19.2,25.9,24.4
37013,North Carolina,Beaufort,2016,18.1,32.9,29.3
37015,North Carolina,Bertie,2016,22.6,35.5,32.7
37017,North Carolina,Bladen,2016,23.2,34.8,32.6
37019,North Carolina,Brunswick,2016,16.8,28.6,20.5
37021,North Carolina,Buncombe,2016,18.8,22.8,20.5
37023,North Carolina,Burke,2016,18.8,31.5,30.3
37025,North Carolina,Cabarrus,2016,18,27.8,23.6
37027,North Carolina,Caldwell,2016,20.8,31,28
37029,North Carolina,Camden,2016,15.9,32.3,24
37031,North Carolina,Carteret,2016,17.1,26.2,26
37033,North Carolina,Caswell,2016,19,35.8,31.9
37035,North Carolina,Catawba,2016,19.1,30.8,30
37037,North Carolina,Chatham,2016,16.2,27,22.5
37039,North Carolina,Cherokee,2016,18.5,28.5,29.6
37041,North Carolina,Chowan,2016,19.8,32.4,28.1
37043,North Carolina,Clay,2016,18.3,28.6,31.6
37045,North Carolina,Cleveland,2016,19.9,32.1,30.4
37047,North Carolina,Columbus,2016,22.8,31,28.2
37049,North Carolina,Craven,2016,18.2,29.5,28.7
37051,North Carolina,Cumberland,2016,21.5,32,26.9
37053,North Carolina,Currituck,2016,17.8,28.3,24.5
37055,North Carolina,Dare,2016,17.4,28.1,26.9
37057,North Carolina,Davidson,2016,17.9,30.2,31.3
37059,North Carolina,Davie,2016,16,28,26.7
37061,North Carolina,Duplin,2016,21.9,29.2,32.2
37063,North Carolina,Durham,2016,16.6,28.2,20.9
37065,North Carolina,Edgecombe,2016,21.7,39.2,33
37067,North Carolina,Forsyth,2016,18.2,28.7,24.3
37069,North Carolina,Franklin,2016,19.9,31.8,28.6
37071,North Carolina,Gaston,2016,21.2,33.6,29.6
37073,North Carolina,Gates,2016,18.9,34.1,31.2
37075,North Carolina,Graham,2016,19.4,30.5,26.3
37077,North Carolina,Granville,2016,19.4,37,28.8
37079,North Carolina,Greene,2016,21.7,34.2,28.9
37081,North Carolina,Guilford,2016,18.5,28.4,22.8
37083,North Carolina,Halifax,2016,22.5,39.4,34.8
37085,North Carolina,Harnett,2016,20.2,33,28.4
37087,North Carolina,Haywood,2016,17.4,26.4,23.9
37089,North Carolina,Henderson,2016,15.6,24.3,24.3
37091,North Carolina,Hertford,2016,22.1,35.2,32.6
37093,North Carolina,Hoke,2016,23.4,34.8,29.8
37095,North Carolina,Hyde,2016,19.3,29.9,28.9
37097,North Carolina,Iredell,2016,16.7,28.2,22.9
37099,North Carolina,Jackson,2016,20.4,32.4,27.7
37101,North Carolina,Johnston,2016,19.7,35.2,24.1
37103,North Carolina,Jones,2016,19.1,34.4,28.5
37105,North Carolina,Lee,2016,20,29.3,24.7
37107,North Carolina,Lenoir,2016,20.6,36,32.6
37109,North Carolina,Lincoln,2016,18.7,28.8,27.9
37111,North Carolina,McDowell,2016,19.9,30.3,30.5
37113,North Carolina,Macon,2016,17.5,25.1,27.6
37115,North Carolina,Madison,2016,18.9,24.8,27.8
37117,North Carolina,Martin,2016,21.9,36.4,31.5
37119,North Carolina,Mecklenburg,2016,15.8,23.5,20.6
37121,North Carolina,Mitchell,2016,18.1,28.8,29.8
37123,North Carolina,Montgomery,2016,20.9,31.9,28
37125,North Carolina,Moore,2016,16.9,27.9,24.4
37127,North Carolina,Nash,2016,18.9,31.2,30.7
37129,North Carolina,New Hanover,2016,16,26,21
37131,North Carolina,Northampton,2016,21.4,37.8,33.6
37133,North Carolina,Onslow,2016,20.4,26.1,22.5
37135,North Carolina,Orange,2016,16.5,19.9,15.1
37137,North Carolina,Pamlico,2016,17.3,31.9,27
37139,North Carolina,Pasquotank,2016,18.9,33.7,27.7
37141,North Carolina,Pender,2016,18.8,28.8,26.3
37143,North Carolina,Perquimans,2016,18.5,33.2,26.4
37145,North Carolina,Person,2016,19.2,32.7,27.3
37147,North Carolina,Pitt,2016,20.8,34.4,25.5
37149,North Carolina,Polk,2016,15.2,27,26.4
37151,North Carolina,Randolph,2016,20.2,29.8,30.8
37153,North Carolina,Richmond,2016,21.2,37.1,32.1
37155,North Carolina,Robeson,2016,28.6,39.1,34
37157,North Carolina,Rockingham,2016,20.3,34,31.2
37159,North Carolina,Rowan,2016,19.6,34.3,30.5
37161,North Carolina,Rutherford,2016,21.7,28.1,29.1
37163,North Carolina,Sampson,2016,20,38.6,32
37165,North Carolina,Scotland,2016,24.9,36.6,26.5
37167,North Carolina,Stanly,2016,17.9,29.8,32.4
37169,North Carolina,Stokes,2016,18.5,33.7,31.3
37171,North Carolina,Surry,2016,19,28.9,31.7
37173,North Carolina,Swain,2016,23.1,35.3,28.9
37175,North Carolina,Transylvania,2016,16.1,24,22.7
37177,North Carolina,Tyrrell,2016,21.4,31,27.3
37179,North Carolina,Union,2016,16.8,26.6,18.7
37181,North Carolina,Vance,2016,21.8,36.9,32.6
37183,North Carolina,Wake,2016,15.1,24.9,18.3
37185,North Carolina,Warren,2016,21.5,37.7,29.9
37187,North Carolina,Washington,2016,21.3,32.8,29.1
37189,North Carolina,Watauga,2016,21.2,26.4,21.9
37191,North Carolina,Wayne,2016,20.2,34.7,26.5
37193,North Carolina,Wilkes,2016,19.9,26.2,29.3
37195,North Carolina,Wilson,2016,21.8,38.1,31.3
37197,North Carolina,Yadkin,2016,19.6,32.3,25.8
37199,North Carolina,Yancey,2016,18.5,27,24.7
37001,North Carolina,Alamance,2017,19.25290741,35.1,24.9
37003,North Carolina,Alexander,2017,18.510660143,34,26.1
37005,North Carolina,Alleghany,2017,18.587556876,27.1,29.9
37007,North Carolina,Anson,2017,21.868419155,34.6,29.3
37009,North Carolina,Ashe,2017,17.407888659,29.1,23.8
37011,North Carolina,Avery,2017,18.455382219,26,23.8
37013,North Carolina,Beaufort,2017,18.017997476,33,26.9
37015,North Carolina,Bertie,2017,21.47103124,35.5,30.5
37017,North Carolina,Bladen,2017,20.993180222,38.2,31.9
37019,North Carolina,Brunswick,2017,16.406844608,28,20.4
37021,North Carolina,Buncombe,2017,16.260009569,23.5,20.1
37023,North Carolina,Burke,2017,17.909957367,32.4,25.2
37025,North Carolina,Cabarrus,2017,17.113596286,30,22.5
37027,North Carolina,Caldwell,2017,19.585990656,32.7,26.6
37029,North Carolina,Camden,2017,15.658097555,31,24.2
37031,North Carolina,Carteret,2017,16.248265624,25.8,23.4
37033,North Carolina,Caswell,2017,18.602319818,36,32.2
37035,North Carolina,Catawba,2017,17.951444906,29.5,28.2
37037,North Carolina,Chatham,2017,16.193129402,27.1,23.3
37039,North Carolina,Cherokee,2017,17.725258621,30,30.6
37041,North Carolina,Chowan,2017,18.57416487,34.2,29.6
37043,North Carolina,Clay,2017,17.621789174,28.7,25
37045,North Carolina,Cleveland,2017,19.852147781,30.9,29.8
37047,North Carolina,Columbus,2017,21.161162687,31.2,27.3
37049,North Carolina,Craven,2017,17.925629118,30.1,25.9
37051,North Carolina,Cumberland,2017,18.797984641,32.3,24.9
37053,North Carolina,Currituck,2017,17.450342509,28.9,23.2
37055,North Carolina,Dare,2017,16.267417909,27.4,25
37057,North Carolina,Davidson,2017,19.477721509,31.4,28.3
37059,North Carolina,Davie,2017,16.064048415,29.1,27.3
37061,North Carolina,Duplin,2017,20.294521885,32,28.8
37063,North Carolina,Durham,2017,16.398711574,29.2,20.8
37065,North Carolina,Edgecombe,2017,22.901981775,40.8,32.1
37067,North Carolina,Forsyth,2017,19.036937359,31.4,23.9
37069,North Carolina,Franklin,2017,19.499362875,31.2,28.5
37071,North Carolina,Gaston,2017,19.458233695,33.3,29.5
37073,North Carolina,Gates,2017,18.404615209,33.9,31.3
37075,North Carolina,Graham,2017,20.372242197,27.5,25.3
37077,North Carolina,Granville,2017,18.814360237,35.8,25.2
37079,North Carolina,Greene,2017,21.806025939,35.9,28.6
37081,North Carolina,Guilford,2017,18.113648932,30.7,22.4
37083,North Carolina,Halifax,2017,21.907574657,39,31.6
37085,North Carolina,Harnett,2017,20.93701094,33.2,28.5
37087,North Carolina,Haywood,2017,18.454194384,30,26.1
37089,North Carolina,Henderson,2017,14.633931196,27.1,24
37091,North Carolina,Hertford,2017,21.632055587,36.9,31.9
37093,North Carolina,Hoke,2017,22.412415633,34.7,24.8
37095,North Carolina,Hyde,2017,18.115793379,29.7,26.1
37097,North Carolina,Iredell,2017,16.197745609,29.1,22.9
37099,North Carolina,Jackson,2017,19.231227241,31.4,24.8
37101,North Carolina,Johnston,2017,17.21114053,35.5,26.1
37103,North Carolina,Jones,2017,19.3924647,33.9,25.9
37105,North Carolina,Lee,2017,17.919431963,29.9,25.4
37107,North Carolina,Lenoir,2017,21.095548977,37.2,30.6
37109,North Carolina,Lincoln,2017,18.172062585,27.6,25.5
37111,North Carolina,McDowell,2017,19.368018287,30.9,27
37113,North Carolina,Macon,2017,16.600802404,27.4,27.6
37115,North Carolina,Madison,2017,18.138899707,24.8,24
37117,North Carolina,Martin,2017,20.069596651,38,32.4
37119,North Carolina,Mecklenburg,2017,15.036221118,23.9,19
37121,North Carolina,Mitchell,2017,17.193765581,29.2,23.6
37123,North Carolina,Montgomery,2017,20.21358381,30.7,29.6
37125,North Carolina,Moore,2017,16.093448945,27.4,23.2
37127,North Carolina,Nash,2017,19.612356499,31.5,29.5
37129,North Carolina,New Hanover,2017,16.79780961,24.9,19.9
37131,North Carolina,Northampton,2017,21.784198277,38.5,30.7
37133,North Carolina,Onslow,2017,20.670193566,29.7,21.4
37135,North Carolina,Orange,2017,15.605389352,23.3,16.7
37137,North Carolina,Pamlico,2017,16.445906157,31.5,26.8
37139,North Carolina,Pasquotank,2017,19.076019748,35.4,27
37141,North Carolina,Pender,2017,17.489356975,31.1,25.5
37143,North Carolina,Perquimans,2017,18.192584074,32.6,24.4
37145,North Carolina,Person,2017,19.339831676,32.7,27
37147,North Carolina,Pitt,2017,21.717102982,34.3,25.7
37149,North Carolina,Polk,2017,14.696519258,27.3,26.2
37151,North Carolina,Randolph,2017,17.739777891,32.2,33.5
37153,North Carolina,Richmond,2017,21.888777924,37.9,32.2
37155,North Carolina,Robeson,2017,26.807768383,39.6,33.8
37157,North Carolina,Rockingham,2017,19.38021367,35.4,30.3
37159,North Carolina,Rowan,2017,18.425662521,32.7,29.3
37161,North Carolina,Rutherford,2017,19.916529462,28.7,30.3
37163,North Carolina,Sampson,2017,21.273869312,36.7,33.5
37165,North Carolina,Scotland,2017,25.572008445,36.4,25
37167,North Carolina,Stanly,2017,18.720742751,30,30.6
37169,North Carolina,Stokes,2017,17.815579523,33.8,31.6
37171,North Carolina,Surry,2017,19.299191855,30.9,31.3
37173,North Carolina,Swain,2017,22.30742277,33.3,26.5
37175,North Carolina,Transylvania,2017,15.819107812,24.3,23
37177,North Carolina,Tyrrell,2017,19.854206538,30.8,26.3
37179,North Carolina,Union,2017,15.573962783,26.5,18.6
37181,North Carolina,Vance,2017,21.265934009,38.2,31.9
37183,North Carolina,Wake,2017,13.820421045,24.8,16.6
37185,North Carolina,Warren,2017,21.644142531,39.2,31.2
37187,North Carolina,Washington,2017,20.345212996,32.8,30.9
37189,North Carolina,Watauga,2017,20.097722499,26.4,18.6
37191,North Carolina,Wayne,2017,20.890547587,34.4,27
37193,North Carolina,Wilkes,2017,20.694059218,26.7,28.8
37195,North Carolina,Wilson,2017,20.111238387,36.8,29.6
37197,North Carolina,Yadkin,2017,18.74837819,31,24.1
37199,North Carolina,Yancey,2017,18.076434177,27,25.1
37001,North Carolina,Alamance,2018,18.790764744,32.9,25.9
37003,North Carolina,Alexander,2018,18.584599128,32.2,29.4
37005,North Carolina,Alleghany,2018,18.515208358,28.3,26
37007,North Carolina,Anson,2018,21.851701099,34.6,28.9
37009,North Carolina,Ashe,2018,16.949774026,30,25.3
37011,North Carolina,Avery,2018,18.80382958,27.6,25.6
37013,North Carolina,Beaufort,2018,17.995808787,34.7,26.7
37015,North Carolina,Bertie,2018,19.611678153,36.9,29.5
37017,North Carolina,Bladen,2018,21.243200442,38.3,32
37019,North Carolina,Brunswick,2018,15.233687681,27.9,20.6
37021,North Carolina,Buncombe,2018,16.442528392,22.7,18.9
37023,North Carolina,Burke,2018,19.724828244,31.9,25.9
37025,North Carolina,Cabarrus,2018,16.828945963,31,23.1
37027,North Carolina,Caldwell,2018,18.38595839,33.2,27.2
37029,North Carolina,Camden,2018,16.067508061,31.1,23.1
37031,North Carolina,Carteret,2018,17.659184492,26.1,21.8
37033,North Carolina,Caswell,2018,19.155798287,33.5,30.9
37035,North Carolina,Catawba,2018,17.050233954,30.3,27
37037,North Carolina,Chatham,2018,15.204011314,25.6,24.7
37039,North Carolina,Cherokee,2018,18.159882112,27.9,31
37041,North Carolina,Chowan,2018,19.341891763,32.7,28.8
37043,North Carolina,Clay,2018,17.508176719,28.3,26.5
37045,North Carolina,Cleveland,2018,21.092013853,32.6,29.9
37047,North Carolina,Columbus,2018,21.12257203,33.1,26.9
37049,North Carolina,Craven,2018,17.312340228,29.6,25.7
37051,North Carolina,Cumberland,2018,17.82720673,33.4,25.4
37053,North Carolina,Currituck,2018,17.306931551,27.6,22.4
37055,North Carolina,Dare,2018,16.447620465,24.5,24.8
37057,North Carolina,Davidson,2018,18.201583036,30.3,27.8
37059,North Carolina,Davie,2018,16.05626592,31.9,29.2
37061,North Carolina,Duplin,2018,22.225641504,35.6,31.5
37063,North Carolina,Durham,2018,15.934736319,26.4,20.3
37065,North Carolina,Edgecombe,2018,21.791428375,36.3,31.1
37067,North Carolina,Forsyth,2018,18.41792723,32.4,23.9
37069,North Carolina,Franklin,2018,18.7286842,32.8,29.5
37071,North Carolina,Gaston,2018,18.07322133,31.4,30.9
37073,North Carolina,Gates,2018,17.070125855,32.6,30.5
37075,North Carolina,Graham,2018,19.363969028,29.8,27.2
37077,North Carolina,Granville,2018,18.116799964,33.5,28.2
37079,North Carolina,Greene,2018,20.440050134,33.4,28.4
37081,North Carolina,Guilford,2018,18.899493168,31.4,23.1
37083,North Carolina,Halifax,2018,22.431798063,39.8,30.9
37085,North Carolina,Harnett,2018,18.770316382,33,29.9
37087,North Carolina,Haywood,2018,17.368251023,32.1,25.9
37089,North Carolina,Henderson,2018,15.203563579,29.5,25.1
37091,North Carolina,Hertford,2018,21.090918392,40.5,32
37093,North Carolina,Hoke,2018,22.784903819,32.8,25.3
37095,North Carolina,Hyde,2018,20.275379579,31.8,30
37097,North Carolina,Iredell,2018,16.734596831,31.2,23.1
37099,North Carolina,Jackson,2018,19.508887962,28.8,24.3
37101,North Carolina,Johnston,2018,17.80561112,35.2,28.1
37103,North Carolina,Jones,2018,19.335659591,35.4,28.9
37105,North Carolina,Lee,2018,18.940851796,29.2,26.3
37107,North Carolina,Lenoir,2018,20.767000141,35.9,31.8
37109,North Carolina,Lincoln,2018,17.60968748,29.3,24.2
37111,North Carolina,McDowell,2018,21.097783866,33.2,29.2
37113,North Carolina,Macon,2018,16.867029751,28.7,29.9
37115,North Carolina,Madison,2018,18.266871275,26.3,25.2
37117,North Carolina,Martin,2018,19.442323112,39.8,28.8
37119,North Carolina,Mecklenburg,2018,15.415858125,25.1,19.4
37121,North Carolina,Mitchell,2018,17.033683575,28,22.9
37123,North Carolina,Montgomery,2018,19.281261955,29.5,29.3
37125,North Carolina,Moore,2018,16.249221865,26.6,22.6
37127,North Carolina,Nash,2018,18.375023055,35.1,26.6
37129,North Carolina,New Hanover,2018,17.961675034,24.8,19.6
37131,North Carolina,Northampton,2018,20.530167646,35.6,28.2
37133,North Carolina,Onslow,2018,19.058770182,27.9,23.8
37135,North Carolina,Orange,2018,14.197038614,22.7,18.7
37137,North Carolina,Pamlico,2018,17.145300031,32,27.6
37139,North Carolina,Pasquotank,2018,18.97107568,36.6,27.9
37141,North Carolina,Pender,2018,17.271302997,30.7,25.4
37143,North Carolina,Perquimans,2018,18.657386851,32.2,23.7
37145,North Carolina,Person,2018,19.114460182,32.6,25.3
37147,North Carolina,Pitt,2018,20.353047064,30,26
37149,North Carolina,Polk,2018,15.219369597,28.4,27.7
37151,North Carolina,Randolph,2018,19.986074386,31.8,32
37153,North Carolina,Richmond,2018,22.668588698,36.3,29.8
37155,North Carolina,Robeson,2018,27.214428464,38.6,33.2
37157,North Carolina,Rockingham,2018,19.659665889,35,29.2
37159,North Carolina,Rowan,2018,19.431567492,33.8,28.9
37161,North Carolina,Rutherford,2018,19.283327594,30.9,27.5
37163,North Carolina,Sampson,2018,20.70706342,35,31.8
37165,North Carolina,Scotland,2018,23.068501891,35.2,27.3
37167,North Carolina,Stanly,2018,18.922187434,29.2,26.8
37169,North Carolina,Stokes,2018,16.748062965,29.3,29.5
37171,North Carolina,Surry,2018,19.097972843,30.3,28.7
37173,North Carolina,Swain,2018,23.076309035,29.2,26.7
37175,North Carolina,Transylvania,2018,17.047327273,25.5,24.6
37177,North Carolina,Tyrrell,2018,21.361090057,32.5,25.3
37179,North Carolina,Union,2018,14.748865146,28.3,21.3
37181,North Carolina,Vance,2018,21.24924762,38,31.9
37183,North Carolina,Wake,2018,13.614062446,22.9,17
37185,North Carolina,Warren,2018,21.394443662,36.9,31.3
37187,North Carolina,Washington,2018,19.274777519,32.2,29.1
37189,North Carolina,Watauga,2018,20.156175792,27.1,19.5
37191,North Carolina,Wayne,2018,19.771290119,38.2,30.2
37193,North Carolina,Wilkes,2018,18.982824847,29.8,30.7
37195,North Carolina,Wilson,2018,19.786092916,33,27.1
37197,North Carolina,Yadkin,2018,18.499696008,32.5,22.8
37199,North Carolina,Yancey,2018,17.830866027,29.4,29.4
37001,North Carolina,Alamance,2019,18.790764744,32,24.1
37003,North Carolina,Alexander,2019,18.584599128,30.9,28.8
37005,North Carolina,Alleghany,2019,18.515208358,28.7,25.2
37007,North Carolina,Anson,2019,21.851701099,35.8,27.5
37009,North Carolina,Ashe,2019,16.949774026,28.5,24.6
37011,North Carolina,Avery,2019,18.80382958,29.4,25.1
37013,North Carolina,Beaufort,2019,17.995808787,35.6,25.6
37015,North Carolina,Bertie,2019,19.611678153,37.9,27.3
37017,North Carolina,Bladen,2019,21.243200442,40,29
37019,North Carolina,Brunswick,2019,15.233687681,28.9,21.7
37021,North Carolina,Buncombe,2019,16.442528392,22.3,17.7
37023,North Carolina,Burke,2019,19.724828244,32.5,24.7
37025,North Carolina,Cabarrus,2019,16.828945963,32.1,22.9
37027,North Carolina,Caldwell,2019,18.38595839,33.7,23.7
37029,North Carolina,Camden,2019,16.067508061,32.2,23.2
37031,North Carolina,Carteret,2019,17.659184492,27.9,23.7
37033,North Carolina,Caswell,2019,19.155798287,31.2,25
37035,North Carolina,Catawba,2019,17.050233954,30.5,27
37037,North Carolina,Chatham,2019,15.204011314,26.7,22.6
37039,North Carolina,Cherokee,2019,18.159882112,28.5,28.6
37041,North Carolina,Chowan,2019,19.341891763,33.5,28.8
37043,North Carolina,Clay,2019,17.508176719,28.7,26.5
37045,North Carolina,Cleveland,2019,21.092013853,31.4,29
37047,North Carolina,Columbus,2019,21.12257203,37.1,26.7
37049,North Carolina,Craven,2019,17.312340228,30.6,23.1
37051,North Carolina,Cumberland,2019,17.82720673,34.3,24.5
37053,North Carolina,Currituck,2019,17.306931551,27.8,23.7
37055,North Carolina,Dare,2019,16.447620465,23.7,22.7
37057,North Carolina,Davidson,2019,18.201583036,32.8,26.2
37059,North Carolina,Davie,2019,16.05626592,35.5,26.6
37061,North Carolina,Duplin,2019,22.225641504,39.3,30.8
37063,North Carolina,Durham,2019,15.934736319,26.2,19.2
37065,North Carolina,Edgecombe,2019,21.791428375,36.6,28.8
37067,North Carolina,Forsyth,2019,18.41792723,33.4,22.6
37069,North Carolina,Franklin,2019,18.7286842,34.7,28
37071,North Carolina,Gaston,2019,18.07322133,30.4,29.9
37073,North Carolina,Gates,2019,17.070125855,35.4,29
37075,North Carolina,Graham,2019,19.363969028,31.6,25.5
37077,North Carolina,Granville,2019,18.116799964,33.1,26.4
37079,North Carolina,Greene,2019,20.440050134,34,28
37081,North Carolina,Guilford,2019,18.899493168,33.1,21.6
37083,North Carolina,Halifax,2019,22.431798063,38,30.5
37085,North Carolina,Harnett,2019,18.770316382,33.6,29.7
37087,North Carolina,Haywood,2019,17.368251023,29.2,23.8
37089,North Carolina,Henderson,2019,15.203563579,29,23.6
37091,North Carolina,Hertford,2019,21.090918392,40.5,33.8
37093,North Carolina,Hoke,2019,22.784903819,32.2,24.6
37095,North Carolina,Hyde,2019,20.275379579,31.2,31
37097,North Carolina,Iredell,2019,16.734596831,29.7,22.3
37099,North Carolina,Jackson,2019,19.508887962,29,26.7
37101,North Carolina,Johnston,2019,17.80561112,33,26.5
37103,North Carolina,Jones,2019,19.335659591,34.5,28.3
37105,North Carolina,Lee,2019,18.940851796,31,24.3
37107,North Carolina,Lenoir,2019,20.767000141,34.7,28
37109,North Carolina,Lincoln,2019,17.60968748,31.4,21.5
37111,North Carolina,McDowell,2019,21.097783866,36.3,31.5
37113,North Carolina,Macon,2019,16.867029751,30.4,25.4
37115,North Carolina,Madison,2019,18.266871275,29.5,25.4
37117,North Carolina,Martin,2019,19.442323112,39.8,27.1
37119,North Carolina,Mecklenburg,2019,15.415858125,26.1,17.6
37121,North Carolina,Mitchell,2019,17.033683575,29.8,22.7
37123,North Carolina,Montgomery,2019,19.281261955,31.6,31.1
37125,North Carolina,Moore,2019,16.249221865,27.7,24.7
37127,North Carolina,Nash,2019,18.375023055,36.7,24.7
37129,North Carolina,New Hanover,2019,17.961675034,24.1,18.5
37131,North Carolina,Northampton,2019,20.530167646,34.5,27.7
37133,North Carolina,Onslow,2019,19.058770182,27.9,24.7
37135,North Carolina,Orange,2019,14.197038614,24.8,19.5
37137,North Carolina,Pamlico,2019,17.145300031,33.1,30.1
37139,North Carolina,Pasquotank,2019,18.97107568,38.9,27.1
37141,North Carolina,Pender,2019,17.271302997,30.8,24.2
37143,North Carolina,Perquimans,2019,18.657386851,32.9,25.1
37145,North Carolina,Person,2019,19.114460182,30.9,25.9
37147,North Carolina,Pitt,2019,20.353047064,33.5,25.1
37149,North Carolina,Polk,2019,15.219369597,29.3,25.8
37151,North Carolina,Randolph,2019,19.986074386,33.7,28.2
37153,North Carolina,Richmond,2019,22.668588698,38.2,31.6
37155,North Carolina,Robeson,2019,27.214428464,37.8,29.8
37157,North Carolina,Rockingham,2019,19.659665889,35.3,29
37159,North Carolina,Rowan,2019,19.431567492,33.4,26.7
37161,North Carolina,Rutherford,2019,19.283327594,29.7,24.2
37163,North Carolina,Sampson,2019,20.70706342,32.3,29.1
37165,North Carolina,Scotland,2019,23.068501891,35.6,27.8
37167,North Carolina,Stanly,2019,18.922187434,28.6,24.5
37169,North Carolina,Stokes,2019,16.748062965,30.4,26.9
37171,North Carolina,Surry,2019,19.097972843,32,30.6
37173,North Carolina,Swain,2019,23.076309035,29,24.6
37175,North Carolina,Transylvania,2019,17.047327273,26.8,24.4
37177,North Carolina,Tyrrell,2019,21.361090057,34.5,25.3
37179,North Carolina,Union,2019,14.748865146,30.7,22.4
37181,North Carolina,Vance,2019,21.24924762,36.3,29.6
37183,North Carolina,Wake,2019,13.614062446,24,15.4
37185,North Carolina,Warren,2019,21.394443662,37.5,29.6
37187,North Carolina,Washington,2019,19.274777519,35.2,28.7
37189,North Carolina,Watauga,2019,20.156175792,22,17.9
37191,North Carolina,Wayne,2019,19.771290119,34.6,28.2
37193,North Carolina,Wilkes,2019,18.982824847,33.2,30.2
37195,North Carolina,Wilson,2019,19.786092916,31.7,26.2
37197,North Carolina,Yadkin,2019,18.499696008,32.3,21.4
37199,North Carolina,Yancey,2019,17.830866027,29.4,25.7
37001,North Carolina,Alamance,2020,17.098560247,32.4,26.2
37003,North Carolina,Alexander,2020,16.568724467,34.8,31.3
37005,North Carolina,Alleghany,2020,17.205321828,25.7,25.8
37007,North Carolina,Anson,2020,20.217104679,38.6,31
37009,North Carolina,Ashe,2020,16.747418802,26,31.3
37011,North Carolina,Avery,2020,17.385965386,26.5,29.1
37013,North Carolina,Beaufort,2020,17.69732422,39.3,29.9
37015,North Carolina,Bertie,2020,19.953601249,43.3,31.2
37017,North Carolina,Bladen,2020,18.739880808,43.7,30.1
37019,North Carolina,Brunswick,2020,14.995104748,28.9,24.6
37021,North Carolina,Buncombe,2020,16.637681436,22.1,17.3
37023,North Carolina,Burke,2020,17.303198204,36.4,27
37025,North Carolina,Cabarrus,2020,15.520446062,35.9,25.4
37027,North Carolina,Caldwell,2020,16.720111688,39,25.8
37029,North Carolina,Camden,2020,15.55760781,32.4,24.6
37031,North Carolina,Carteret,2020,15.646473991,31.9,24.1
37033,North Carolina,Caswell,2020,17.664689381,28.6,19.1
37035,North Carolina,Catawba,2020,16.024647963,31.3,26
37037,North Carolina,Chatham,2020,14.17891525,23.8,20.9
37039,North Carolina,Cherokee,2020,17.350194997,27,29.4
37041,North Carolina,Chowan,2020,17.971445009,38.5,28.3
37043,North Carolina,Clay,2020,16.310994291,31.4,30.1
37045,North Carolina,Cleveland,2020,18.370495757,38.1,28.7
37047,North Carolina,Columbus,2020,19.205305092,46.2,30.7
37049,North Carolina,Craven,2020,15.658887703,30.6,23.1
37051,North Carolina,Cumberland,2020,18.090857472,33.7,25
37053,North Carolina,Currituck,2020,15.372268443,28.6,22.2
37055,North Carolina,Dare,2020,15.757820204,22.6,20.8
37057,North Carolina,Davidson,2020,17.857970936,32.2,27.2
37059,North Carolina,Davie,2020,15.073575689,41.2,29.1
37061,North Carolina,Duplin,2020,21.303396198,39.8,35.4
37063,North Carolina,Durham,2020,14.789372254,24.7,18.5
37065,North Carolina,Edgecombe,2020,20.794787648,38,37.8
37067,North Carolina,Forsyth,2020,18.379820476,33,23.4
37069,North Carolina,Franklin,2020,18.008536939,36.1,33.4
37071,North Carolina,Gaston,2020,16.768014654,29.2,31.9
37073,North Carolina,Gates,2020,15.828558435,44.7,33.5
37075,North Carolina,Graham,2020,18.298457598,43,25.4
37077,North Carolina,Granville,2020,16.627128893,37.2,35
37079,North Carolina,Greene,2020,19.773671306,28.4,28.6
37081,North Carolina,Guilford,2020,15.811453025,33.4,22.2
37083,North Carolina,Halifax,2020,20.236613403,43.7,39.8
37085,North Carolina,Harnett,2020,18.910360202,33.2,27
37087,North Carolina,Haywood,2020,18.181281242,31.7,25.5
37089,North Carolina,Henderson,2020,13.959955784,28.4,23.4
37091,North Carolina,Hertford,2020,19.332545586,46.5,42.5
37093,North Carolina,Hoke,2020,20.208121023,37.4,28.7
37095,North Carolina,Hyde,2020,17.312000945,36.4,38.2
37097,North Carolina,Iredell,2020,15.431593828,31.9,25.7
37099,North Carolina,Jackson,2020,17.5268077,28.4,29
37101,North Carolina,Johnston,2020,17.681758712,37.2,27.4
37103,North Carolina,Jones,2020,18.612754764,40.9,33.1
37105,North Carolina,Lee,2020,16.845355688,32.9,23.5
37107,North Carolina,Lenoir,2020,19.316118167,33.4,29.7
37109,North Carolina,Lincoln,2020,16.214111018,37,22.7
37111,North Carolina,McDowell,2020,18.565702742,40,34.3
37113,North Carolina,Macon,2020,15.914126635,28.8,26
37115,North Carolina,Madison,2020,16.834797645,26.8,26.6
37117,North Carolina,Martin,2020,19.243701566,43.1,22.9
37119,North Carolina,Mecklenburg,2020,13.91919475,28,18.6
37121,North Carolina,Mitchell,2020,15.701850892,27,25.5
37123,North Carolina,Montgomery,2020,17.544425581,36.5,38.5
37125,North Carolina,Moore,2020,14.276149569,26.3,26.9
37127,North Carolina,Nash,2020,18.299857696,41.9,25.3
37129,North Carolina,New Hanover,2020,15.852352644,26.4,22.8
37131,North Carolina,Northampton,2020,19.471204783,33.5,36.4
37133,North Carolina,Onslow,2020,17.795532165,29.3,24.7
37135,North Carolina,Orange,2020,14.241707251,22.9,17.8
37137,North Carolina,Pamlico,2020,15.961985424,37.2,31
37139,North Carolina,Pasquotank,2020,18.119296578,39.2,27.7
37141,North Carolina,Pender,2020,16.318567344,30.6,25.7
37143,North Carolina,Perquimans,2020,16.788920866,34.3,27.3
37145,North Carolina,Person,2020,18.136629666,29.2,31.9
37147,North Carolina,Pitt,2020,17.373690184,35.9,27.6
37149,North Carolina,Polk,2020,13.802679907,33.3,27.1
37151,North Carolina,Randolph,2020,18.01229409,32.2,27.2
37153,North Carolina,Richmond,2020,20.673412316,38.7,31.7
37155,North Carolina,Robeson,2020,24.057594215,39,35.2
37157,North Carolina,Rockingham,2020,17.673989504,36.3,29.6
37159,North Carolina,Rowan,2020,17.125582841,37.5,25.6
37161,North Carolina,Rutherford,2020,19.415269925,28.5,24.5
37163,North Carolina,Sampson,2020,19.070204933,35.3,30.6
37165,North Carolina,Scotland,2020,22.866670167,39.5,26.1
37167,North Carolina,Stanly,2020,16.708050684,28.4,24.3
37169,North Carolina,Stokes,2020,15.906936116,32.8,27.3
37171,North Carolina,Surry,2020,17.195156723,30.5,32.4
37173,North Carolina,Swain,2020,21.858117803,31.1,24.9
37175,North Carolina,Transylvania,2020,15.696345978,26.8,24.9
37177,North Carolina,Tyrrell,2020,20.827439448,43.3,27.4
37179,North Carolina,Union,2020,14.670660455,32.1,21.5
37181,North Carolina,Vance,2020,20.209525704,34.3,37.2
37183,North Carolina,Wake,2020,12.194937751,25.1,16.4
37185,North Carolina,Warren,2020,19.044592732,41,39
37187,North Carolina,Washington,2020,18.811718772,42.2,31.2
37189,North Carolina,Watauga,2020,18.012060815,16.7,19.3
37191,North Carolina,Wayne,2020,17.654392519,38.1,28.3
37193,North Carolina,Wilkes,2020,17.855462044,42.6,31.8
37195,North Carolina,Wilson,2020,18.060110062,32.3,31
37197,North Carolina,Yadkin,2020,17.897245399,38.6,21.3
37199,North Carolina,Yancey,2020,16.81119175,29.9,30.6
